{
  "ABIRoot": {
    "kind": "Root",
    "name": "TopLevel",
    "printedName": "TopLevel",
    "children": [
      {
        "kind": "Import",
        "name": "Foundation",
        "printedName": "Foundation",
        "declKind": "Import",
        "moduleName": "Networking",
        "declAttributes": [
          "RawDocComment"
        ]
      },
      {
        "kind": "Import",
        "name": "Combine",
        "printedName": "Combine",
        "declKind": "Import",
        "moduleName": "Networking"
      },
      {
        "kind": "TypeDecl",
        "name": "NetworkService",
        "printedName": "NetworkService",
        "children": [
          {
            "kind": "Function",
            "name": "get",
            "printedName": "get(urlString:queryItems:headers:)",
            "children": [
              {
                "kind": "TypeNominal",
                "name": "Future",
                "printedName": "Combine.Future<τ_0_0, any Swift.Error>",
                "children": [
                  {
                    "kind": "TypeNominal",
                    "name": "GenericTypeParam",
                    "printedName": "τ_0_0"
                  },
                  {
                    "kind": "TypeNominal",
                    "name": "Error",
                    "printedName": "any Swift.Error",
                    "usr": "s:s5ErrorP"
                  }
                ],
                "usr": "s:7Combine6FutureC"
              },
              {
                "kind": "TypeNominal",
                "name": "String",
                "printedName": "Swift.String",
                "usr": "s:SS"
              },
              {
                "kind": "TypeNominal",
                "name": "Optional",
                "printedName": "[Swift.String : Swift.String]?",
                "children": [
                  {
                    "kind": "TypeNominal",
                    "name": "Dictionary",
                    "printedName": "[Swift.String : Swift.String]",
                    "children": [
                      {
                        "kind": "TypeNominal",
                        "name": "String",
                        "printedName": "Swift.String",
                        "usr": "s:SS"
                      },
                      {
                        "kind": "TypeNominal",
                        "name": "String",
                        "printedName": "Swift.String",
                        "usr": "s:SS"
                      }
                    ],
                    "usr": "s:SD"
                  }
                ],
                "hasDefaultArg": true,
                "usr": "s:Sq"
              },
              {
                "kind": "TypeNominal",
                "name": "Optional",
                "printedName": "[Swift.String : Swift.String]?",
                "children": [
                  {
                    "kind": "TypeNominal",
                    "name": "Dictionary",
                    "printedName": "[Swift.String : Swift.String]",
                    "children": [
                      {
                        "kind": "TypeNominal",
                        "name": "String",
                        "printedName": "Swift.String",
                        "usr": "s:SS"
                      },
                      {
                        "kind": "TypeNominal",
                        "name": "String",
                        "printedName": "Swift.String",
                        "usr": "s:SS"
                      }
                    ],
                    "usr": "s:SD"
                  }
                ],
                "hasDefaultArg": true,
                "usr": "s:Sq"
              }
            ],
            "declKind": "Func",
            "usr": "s:10Networking14NetworkServiceC3get9urlString10queryItems7headers7Combine6FutureCyxs5Error_pGSS_SDyS2SGSgANtSeRzSERzlFZ",
            "mangledName": "$s10Networking14NetworkServiceC3get9urlString10queryItems7headers7Combine6FutureCyxs5Error_pGSS_SDyS2SGSgANtSeRzSERzlFZ",
            "moduleName": "Networking",
            "genericSig": "<τ_0_0 where τ_0_0 : Swift.Decodable, τ_0_0 : Swift.Encodable>",
            "sugared_genericSig": "<T where T : Swift.Decodable, T : Swift.Encodable>",
            "static": true,
            "declAttributes": [
              "Final",
              "AccessControl"
            ],
            "funcSelfKind": "NonMutating"
          },
          {
            "kind": "Function",
            "name": "post",
            "printedName": "post(urlString:queryItems:headers:payload:)",
            "children": [
              {
                "kind": "TypeNominal",
                "name": "Future",
                "printedName": "Combine.Future<τ_0_0, any Swift.Error>",
                "children": [
                  {
                    "kind": "TypeNominal",
                    "name": "GenericTypeParam",
                    "printedName": "τ_0_0"
                  },
                  {
                    "kind": "TypeNominal",
                    "name": "Error",
                    "printedName": "any Swift.Error",
                    "usr": "s:s5ErrorP"
                  }
                ],
                "usr": "s:7Combine6FutureC"
              },
              {
                "kind": "TypeNominal",
                "name": "String",
                "printedName": "Swift.String",
                "usr": "s:SS"
              },
              {
                "kind": "TypeNominal",
                "name": "Optional",
                "printedName": "[Swift.String : Swift.String]?",
                "children": [
                  {
                    "kind": "TypeNominal",
                    "name": "Dictionary",
                    "printedName": "[Swift.String : Swift.String]",
                    "children": [
                      {
                        "kind": "TypeNominal",
                        "name": "String",
                        "printedName": "Swift.String",
                        "usr": "s:SS"
                      },
                      {
                        "kind": "TypeNominal",
                        "name": "String",
                        "printedName": "Swift.String",
                        "usr": "s:SS"
                      }
                    ],
                    "usr": "s:SD"
                  }
                ],
                "hasDefaultArg": true,
                "usr": "s:Sq"
              },
              {
                "kind": "TypeNominal",
                "name": "Optional",
                "printedName": "[Swift.String : Swift.String]?",
                "children": [
                  {
                    "kind": "TypeNominal",
                    "name": "Dictionary",
                    "printedName": "[Swift.String : Swift.String]",
                    "children": [
                      {
                        "kind": "TypeNominal",
                        "name": "String",
                        "printedName": "Swift.String",
                        "usr": "s:SS"
                      },
                      {
                        "kind": "TypeNominal",
                        "name": "String",
                        "printedName": "Swift.String",
                        "usr": "s:SS"
                      }
                    ],
                    "usr": "s:SD"
                  }
                ],
                "hasDefaultArg": true,
                "usr": "s:Sq"
              },
              {
                "kind": "TypeNominal",
                "name": "Dictionary",
                "printedName": "[Swift.String : Any]",
                "children": [
                  {
                    "kind": "TypeNominal",
                    "name": "String",
                    "printedName": "Swift.String",
                    "usr": "s:SS"
                  },
                  {
                    "kind": "TypeNominal",
                    "name": "ProtocolComposition",
                    "printedName": "Any"
                  }
                ],
                "usr": "s:SD"
              }
            ],
            "declKind": "Func",
            "usr": "s:10Networking14NetworkServiceC4post9urlString10queryItems7headers7payload7Combine6FutureCyxs5Error_pGSS_SDyS2SGSgAOSDySSypGtSeRzSERzlFZ",
            "mangledName": "$s10Networking14NetworkServiceC4post9urlString10queryItems7headers7payload7Combine6FutureCyxs5Error_pGSS_SDyS2SGSgAOSDySSypGtSeRzSERzlFZ",
            "moduleName": "Networking",
            "genericSig": "<τ_0_0 where τ_0_0 : Swift.Decodable, τ_0_0 : Swift.Encodable>",
            "sugared_genericSig": "<T where T : Swift.Decodable, T : Swift.Encodable>",
            "static": true,
            "declAttributes": [
              "Final",
              "AccessControl"
            ],
            "funcSelfKind": "NonMutating"
          }
        ],
        "declKind": "Class",
        "usr": "s:10Networking14NetworkServiceC",
        "mangledName": "$s10Networking14NetworkServiceC",
        "moduleName": "Networking",
        "declAttributes": [
          "AccessControl"
        ],
        "hasMissingDesignatedInitializers": true
      },
      {
        "kind": "Import",
        "name": "Foundation",
        "printedName": "Foundation",
        "declKind": "Import",
        "moduleName": "Networking",
        "declAttributes": [
          "RawDocComment"
        ]
      },
      {
        "kind": "Import",
        "name": "Foundation",
        "printedName": "Foundation",
        "declKind": "Import",
        "moduleName": "Networking",
        "declAttributes": [
          "RawDocComment"
        ]
      },
      {
        "kind": "Import",
        "name": "Combine",
        "printedName": "Combine",
        "declKind": "Import",
        "moduleName": "Networking"
      },
      {
        "kind": "TypeDecl",
        "name": "NetworkError",
        "printedName": "NetworkError",
        "children": [
          {
            "kind": "Var",
            "name": "invalidURL",
            "printedName": "invalidURL",
            "children": [
              {
                "kind": "TypeFunc",
                "name": "Function",
                "printedName": "(Networking.NetworkError.Type) -> Networking.NetworkError",
                "children": [
                  {
                    "kind": "TypeNominal",
                    "name": "NetworkError",
                    "printedName": "Networking.NetworkError",
                    "usr": "s:10Networking12NetworkErrorO"
                  },
                  {
                    "kind": "TypeNominal",
                    "name": "Metatype",
                    "printedName": "Networking.NetworkError.Type",
                    "children": [
                      {
                        "kind": "TypeNominal",
                        "name": "NetworkError",
                        "printedName": "Networking.NetworkError",
                        "usr": "s:10Networking12NetworkErrorO"
                      }
                    ]
                  }
                ]
              }
            ],
            "declKind": "EnumElement",
            "usr": "s:10Networking12NetworkErrorO10invalidURLyA2CmF",
            "mangledName": "$s10Networking12NetworkErrorO10invalidURLyA2CmF",
            "moduleName": "Networking"
          },
          {
            "kind": "Var",
            "name": "invalidRequest",
            "printedName": "invalidRequest",
            "children": [
              {
                "kind": "TypeFunc",
                "name": "Function",
                "printedName": "(Networking.NetworkError.Type) -> Networking.NetworkError",
                "children": [
                  {
                    "kind": "TypeNominal",
                    "name": "NetworkError",
                    "printedName": "Networking.NetworkError",
                    "usr": "s:10Networking12NetworkErrorO"
                  },
                  {
                    "kind": "TypeNominal",
                    "name": "Metatype",
                    "printedName": "Networking.NetworkError.Type",
                    "children": [
                      {
                        "kind": "TypeNominal",
                        "name": "NetworkError",
                        "printedName": "Networking.NetworkError",
                        "usr": "s:10Networking12NetworkErrorO"
                      }
                    ]
                  }
                ]
              }
            ],
            "declKind": "EnumElement",
            "usr": "s:10Networking12NetworkErrorO14invalidRequestyA2CmF",
            "mangledName": "$s10Networking12NetworkErrorO14invalidRequestyA2CmF",
            "moduleName": "Networking"
          },
          {
            "kind": "Var",
            "name": "invalidSession",
            "printedName": "invalidSession",
            "children": [
              {
                "kind": "TypeFunc",
                "name": "Function",
                "printedName": "(Networking.NetworkError.Type) -> Networking.NetworkError",
                "children": [
                  {
                    "kind": "TypeNominal",
                    "name": "NetworkError",
                    "printedName": "Networking.NetworkError",
                    "usr": "s:10Networking12NetworkErrorO"
                  },
                  {
                    "kind": "TypeNominal",
                    "name": "Metatype",
                    "printedName": "Networking.NetworkError.Type",
                    "children": [
                      {
                        "kind": "TypeNominal",
                        "name": "NetworkError",
                        "printedName": "Networking.NetworkError",
                        "usr": "s:10Networking12NetworkErrorO"
                      }
                    ]
                  }
                ]
              }
            ],
            "declKind": "EnumElement",
            "usr": "s:10Networking12NetworkErrorO14invalidSessionyA2CmF",
            "mangledName": "$s10Networking12NetworkErrorO14invalidSessionyA2CmF",
            "moduleName": "Networking"
          },
          {
            "kind": "Var",
            "name": "invalidResponse",
            "printedName": "invalidResponse",
            "children": [
              {
                "kind": "TypeFunc",
                "name": "Function",
                "printedName": "(Networking.NetworkError.Type) -> Networking.NetworkError",
                "children": [
                  {
                    "kind": "TypeNominal",
                    "name": "NetworkError",
                    "printedName": "Networking.NetworkError",
                    "usr": "s:10Networking12NetworkErrorO"
                  },
                  {
                    "kind": "TypeNominal",
                    "name": "Metatype",
                    "printedName": "Networking.NetworkError.Type",
                    "children": [
                      {
                        "kind": "TypeNominal",
                        "name": "NetworkError",
                        "printedName": "Networking.NetworkError",
                        "usr": "s:10Networking12NetworkErrorO"
                      }
                    ]
                  }
                ]
              }
            ],
            "declKind": "EnumElement",
            "usr": "s:10Networking12NetworkErrorO15invalidResponseyA2CmF",
            "mangledName": "$s10Networking12NetworkErrorO15invalidResponseyA2CmF",
            "moduleName": "Networking"
          },
          {
            "kind": "Function",
            "name": "==",
            "printedName": "==(_:_:)",
            "children": [
              {
                "kind": "TypeNominal",
                "name": "Bool",
                "printedName": "Swift.Bool",
                "usr": "s:Sb"
              },
              {
                "kind": "TypeNominal",
                "name": "NetworkError",
                "printedName": "Networking.NetworkError",
                "usr": "s:10Networking12NetworkErrorO"
              },
              {
                "kind": "TypeNominal",
                "name": "NetworkError",
                "printedName": "Networking.NetworkError",
                "usr": "s:10Networking12NetworkErrorO"
              }
            ],
            "declKind": "Func",
            "usr": "s:10Networking12NetworkErrorO2eeoiySbAC_ACtFZ",
            "mangledName": "$s10Networking12NetworkErrorO2eeoiySbAC_ACtFZ",
            "moduleName": "Networking",
            "static": true,
            "implicit": true,
            "funcSelfKind": "NonMutating"
          },
          {
            "kind": "Var",
            "name": "hashValue",
            "printedName": "hashValue",
            "children": [
              {
                "kind": "TypeNominal",
                "name": "Int",
                "printedName": "Swift.Int",
                "usr": "s:Si"
              }
            ],
            "declKind": "Var",
            "usr": "s:10Networking12NetworkErrorO9hashValueSivp",
            "mangledName": "$s10Networking12NetworkErrorO9hashValueSivp",
            "moduleName": "Networking",
            "implicit": true,
            "accessors": [
              {
                "kind": "Accessor",
                "name": "Get",
                "printedName": "Get()",
                "children": [
                  {
                    "kind": "TypeNominal",
                    "name": "Int",
                    "printedName": "Swift.Int",
                    "usr": "s:Si"
                  }
                ],
                "declKind": "Accessor",
                "usr": "s:10Networking12NetworkErrorO9hashValueSivg",
                "mangledName": "$s10Networking12NetworkErrorO9hashValueSivg",
                "moduleName": "Networking",
                "implicit": true,
                "accessorKind": "get"
              }
            ]
          },
          {
            "kind": "Function",
            "name": "hash",
            "printedName": "hash(into:)",
            "children": [
              {
                "kind": "TypeNominal",
                "name": "Void",
                "printedName": "()"
              },
              {
                "kind": "TypeNominal",
                "name": "Hasher",
                "printedName": "Swift.Hasher",
                "paramValueOwnership": "InOut",
                "usr": "s:s6HasherV"
              }
            ],
            "declKind": "Func",
            "usr": "s:10Networking12NetworkErrorO4hash4intoys6HasherVz_tF",
            "mangledName": "$s10Networking12NetworkErrorO4hash4intoys6HasherVz_tF",
            "moduleName": "Networking",
            "implicit": true,
            "funcSelfKind": "NonMutating"
          }
        ],
        "declKind": "Enum",
        "usr": "s:10Networking12NetworkErrorO",
        "mangledName": "$s10Networking12NetworkErrorO",
        "moduleName": "Networking",
        "declAttributes": [
          "AccessControl"
        ],
        "conformances": [
          {
            "kind": "Conformance",
            "name": "Equatable",
            "printedName": "Equatable",
            "usr": "s:SQ",
            "mangledName": "$sSQ"
          },
          {
            "kind": "Conformance",
            "name": "Hashable",
            "printedName": "Hashable",
            "usr": "s:SH",
            "mangledName": "$sSH"
          },
          {
            "kind": "Conformance",
            "name": "Error",
            "printedName": "Error",
            "usr": "s:s5ErrorP",
            "mangledName": "$ss5ErrorP"
          },
          {
            "kind": "Conformance",
            "name": "Sendable",
            "printedName": "Sendable",
            "usr": "s:s8SendableP",
            "mangledName": "$ss8SendableP"
          }
        ]
      },
      {
        "kind": "Import",
        "name": "Foundation",
        "printedName": "Foundation",
        "declKind": "Import",
        "moduleName": "Networking",
        "declAttributes": [
          "RawDocComment"
        ]
      },
      {
        "kind": "TypeDecl",
        "name": "EmptyModel",
        "printedName": "EmptyModel",
        "children": [
          {
            "kind": "Constructor",
            "name": "init",
            "printedName": "init(from:)",
            "children": [
              {
                "kind": "TypeNominal",
                "name": "EmptyModel",
                "printedName": "Networking.EmptyModel",
                "usr": "s:10Networking10EmptyModelV"
              },
              {
                "kind": "TypeNominal",
                "name": "Decoder",
                "printedName": "any Swift.Decoder",
                "usr": "s:s7DecoderP"
              }
            ],
            "declKind": "Constructor",
            "usr": "s:10Networking10EmptyModelV4fromACs7Decoder_p_tKcfc",
            "mangledName": "$s10Networking10EmptyModelV4fromACs7Decoder_p_tKcfc",
            "moduleName": "Networking",
            "implicit": true,
            "throwing": true,
            "init_kind": "Designated"
          },
          {
            "kind": "Function",
            "name": "encode",
            "printedName": "encode(to:)",
            "children": [
              {
                "kind": "TypeNominal",
                "name": "Void",
                "printedName": "()"
              },
              {
                "kind": "TypeNominal",
                "name": "Encoder",
                "printedName": "any Swift.Encoder",
                "usr": "s:s7EncoderP"
              }
            ],
            "declKind": "Func",
            "usr": "s:10Networking10EmptyModelV6encode2toys7Encoder_p_tKF",
            "mangledName": "$s10Networking10EmptyModelV6encode2toys7Encoder_p_tKF",
            "moduleName": "Networking",
            "implicit": true,
            "throwing": true,
            "funcSelfKind": "NonMutating"
          }
        ],
        "declKind": "Struct",
        "usr": "s:10Networking10EmptyModelV",
        "mangledName": "$s10Networking10EmptyModelV",
        "moduleName": "Networking",
        "declAttributes": [
          "AccessControl"
        ],
        "conformances": [
          {
            "kind": "Conformance",
            "name": "Decodable",
            "printedName": "Decodable",
            "usr": "s:Se",
            "mangledName": "$sSe"
          },
          {
            "kind": "Conformance",
            "name": "Encodable",
            "printedName": "Encodable",
            "usr": "s:SE",
            "mangledName": "$sSE"
          }
        ]
      },
      {
        "kind": "TypeDecl",
        "name": "Publisher",
        "printedName": "Publisher",
        "children": [
          {
            "kind": "Function",
            "name": "clubIntoResult",
            "printedName": "clubIntoResult()",
            "children": [
              {
                "kind": "TypeNominal",
                "name": "AnyPublisher",
                "printedName": "Combine.AnyPublisher<Swift.Result<τ_0_0.Output, τ_0_0.Failure>, Swift.Never>",
                "children": [
                  {
                    "kind": "TypeNominal",
                    "name": "Result",
                    "printedName": "Swift.Result<τ_0_0.Output, τ_0_0.Failure>",
                    "children": [
                      {
                        "kind": "TypeNominal",
                        "name": "DependentMember",
                        "printedName": "τ_0_0.Output"
                      },
                      {
                        "kind": "TypeNominal",
                        "name": "DependentMember",
                        "printedName": "τ_0_0.Failure"
                      }
                    ],
                    "usr": "s:s6ResultO"
                  },
                  {
                    "kind": "TypeNominal",
                    "name": "Never",
                    "printedName": "Swift.Never",
                    "usr": "s:s5NeverO"
                  }
                ],
                "usr": "s:7Combine12AnyPublisherV"
              }
            ],
            "declKind": "Func",
            "usr": "s:7Combine9PublisherP10NetworkingE14clubIntoResultAA03AnyB0Vys0F0Oy6OutputQz7FailureQzGs5NeverOGyF",
            "mangledName": "$s7Combine9PublisherP10NetworkingE14clubIntoResultAA03AnyB0Vys0F0Oy6OutputQz7FailureQzGs5NeverOGyF",
            "moduleName": "Networking",
            "genericSig": "<τ_0_0 where τ_0_0 : Combine.Publisher>",
            "sugared_genericSig": "<Self where Self : Combine.Publisher>",
            "declAttributes": [
              "RawDocComment"
            ],
            "isFromExtension": true,
            "funcSelfKind": "NonMutating"
          }
        ],
        "declKind": "Protocol",
        "usr": "s:7Combine9PublisherP",
        "mangledName": "$s7Combine9PublisherP",
        "moduleName": "Combine",
        "genericSig": "<τ_0_0.Failure : Swift.Error>",
        "sugared_genericSig": "<Self.Failure : Swift.Error>",
        "intro_Macosx": "10.15",
        "intro_iOS": "13.0",
        "intro_tvOS": "13.0",
        "intro_watchOS": "6.0",
        "declAttributes": [
          "Available",
          "Available",
          "Available",
          "Available"
        ],
        "isExternal": true
      }
    ],
    "json_format_version": 8
  },
  "ConstValues": [
    {
      "filePath": "\/Users\/rohit-kumar\/Documents\/Self-Projects\/Networking\/Networking\/Helpers\/Extensions.swift",
      "kind": "StringLiteral",
      "offset": 161,
      "length": 5,
      "value": "\"GET\""
    },
    {
      "filePath": "\/Users\/rohit-kumar\/Documents\/Self-Projects\/Networking\/Networking\/Helpers\/Extensions.swift",
      "kind": "StringLiteral",
      "offset": 183,
      "length": 6,
      "value": "\"POST\""
    },
    {
      "filePath": "\/Users\/rohit-kumar\/Documents\/Self-Projects\/Networking\/Networking\/Helpers\/Extensions.swift",
      "kind": "StringLiteral",
      "offset": 161,
      "length": 5,
      "value": "\"GET\""
    },
    {
      "filePath": "\/Users\/rohit-kumar\/Documents\/Self-Projects\/Networking\/Networking\/Helpers\/Extensions.swift",
      "kind": "StringLiteral",
      "offset": 183,
      "length": 6,
      "value": "\"POST\""
    }
  ]
}